,Mass_%_Recovered,Temperature,Average,Standard_Deviation,Acronym
0,IBP,35.6,35.5,2.5,OSH
1,5,130.7,144.7,19.0,OSH
2,10,235.3,258.5,15.7,OSH
3,20,315.6,325.0,6.7,OSH
4,30,346.5,353.3,5.7,OSH
5,40,369.4,375.2,5.9,OSH
6,50,390.9,395.7,6.1,OSH
7,60,411.7,415.0,5.9,OSH
8,70,431.1,434.1,6.8,OSH
9,80,454.5,458.5,8.7,OSH
10,90,494.4,500.9,31.2,OSH
11,95,582.9,570.2,65.0,OSH
12,99,,627.3,28.8,OSH
0,IBP,32.8,34.3,3.1,AHS
1,5,40.1,53.3,16.7,AHS
2,10,80.1,104.5,24.1,AHS
3,20,198.8,255.5,41.6,AHS
4,30,366.8,383.9,17.2,AHS
5,40,445.4,443.2,15.0,AHS
6,50,497.8,490.4,16.8,AHS
7,60,545.0,537.0,18.9,AHS
8,70,597.0,590.3,20.8,AHS
9,80,661.6,659.6,26.9,AHS
10,90,,703.0,15.2,AHS
11,95,,,,AHS
12,99,,,,AHS
0,IBP,34.0,34.9,2.3,PSH
1,5,124.3,112.0,20.9,PSH
2,10,187.9,175.7,22.9,PSH
3,20,260.8,259.0,18.5,PSH
4,30,314.5,316.5,13.8,PSH
5,40,362.3,366.4,12.6,PSH
6,50,408.1,415.3,14.0,PSH
7,60,454.2,468.2,21.1,PSH
8,70,517.9,545.4,35.1,PSH
9,80,638.8,653.2,32.8,PSH
10,90,,,,PSH
11,95,,,,PSH
12,99,,,,PSH
0,IBP,35.2,35.0,1.3,PXB
1,5,135.5,138.0,8.4,PXB
2,10,190.0,190.8,6.1,PXB
3,20,255.8,260.1,7.9,PXB
4,30,305.0,309.8,8.7,PXB
5,40,347.9,353.2,10.6,PXB
6,50,388.0,396.9,13.1,PXB
7,60,427.6,442.3,16.7,PXB
8,70,486.0,510.1,26.4,PXB
9,80,575.2,627.5,43.1,PXB
10,90,709.2,,,PXB
11,95,,,,PXB
12,99,,,,PXB
0,IBP,35.0,35.0,0.6,SCS
1,5,111.0,109.6,12.8,SCS
2,10,174.4,166.6,23.4,SCS
3,20,247.0,242.8,28.9,SCS
4,30,300.6,300.1,28.7,SCS
5,40,350.3,352.4,25.6,SCS
6,50,401.0,408.5,24.8,SCS
7,60,454.1,472.9,28.0,SCS
8,70,531.3,559.9,37.1,SCS
9,80,639.0,665.2,43.8,SCS
10,90,,,,SCS
11,95,,,,SCS
12,99,,,,SCS
0,IBP,34.5,35.3,1.1,SHB
1,5,113.9,127.5,15.3,SHB
2,10,190.4,188.5,12.2,SHB
3,20,261.0,258.8,9.5,SHB
4,30,310.4,309.4,9.6,SHB
5,40,356.3,355.5,11.3,SHB
6,50,403.6,405.0,14.1,SHB
7,60,454.5,462.0,20.4,SHB
8,70,534.0,545.6,33.3,SHB
9,80,653.4,651.1,30.8,SHB
10,90,,701.7,13.7,SHB
11,95,,,,SHB
12,99,,,,SHB
0,IBP,33.8,34.3,0.8,SMA
1,5,83.6,85.1,11.2,SMA
2,10,163.0,160.5,10.4,SMA
3,20,265.1,253.2,12.0,SMA
4,30,330.1,318.1,8.4,SMA
5,40,385.7,372.2,8.6,SMA
6,50,440.6,426.2,9.0,SMA
7,60,506.0,489.8,12.1,SMA
8,70,599.7,583.0,15.1,SMA
9,80,706.6,696.2,14.4,SMA
10,90,,,,SMA
11,95,,,,SMA
12,99,,,,SMA
0,IBP,34.2,34.4,1.7,AWB
1,5,36.3,42.2,7.1,AWB
2,10,54.5,76.1,16.7,AWB
3,20,212.0,220.1,38.6,AWB
4,30,326.7,337.0,18.8,AWB
5,40,400.7,411.4,17.1,AWB
6,50,466.5,480.4,19.5,AWB
7,60,541.0,559.9,23.1,AWB
8,70,625.6,641.6,21.2,AWB
9,80,713.6,707.8,10.9,AWB
10,90,,,,AWB
11,95,,,,AWB
12,99,,,,AWB
0,IBP,34.3,34.6,1.1,BHB
1,5,70.5,50.8,14.9,BHB
2,10,117.3,89.7,23.5,BHB
3,20,192.0,201.5,32.8,BHB
4,30,311.5,324.0,21.2,BHB
5,40,384.9,394.6,15.0,BHB
6,50,445.6,456.2,15.4,BHB
7,60,516.6,529.3,17.6,BHB
8,70,606.0,615.3,18.5,BHB
9,80,707.9,700.7,15.3,BHB
10,90,,,,BHB
11,95,,,,BHB
12,99,,,,BHB
0,IBP,36.7,33.6,1.8,CNX
1,5,50.3,41.1,4.3,CNX
2,10,104.1,87.5,10.7,CNX
3,20,235.1,229.8,16.6,CNX
4,30,330.3,328.7,9.6,CNX
5,40,399.2,398.8,9.6,CNX
6,50,460.9,462.8,9.8,CNX
7,60,529.5,535.3,11.7,CNX
8,70,609.6,617.4,14.1,CNX
9,80,695.0,703.2,14.2,CNX
10,90,,,,CNX
11,95,,,,CNX
12,99,,,,CNX
0,IBP,36.7,34.0,1.1,CDB
1,5,45.8,39.0,2.5,CDB
2,10,101.9,73.9,14.1,CDB
3,20,235.1,219.6,32.7,CDB
4,30,332.6,329.7,14.6,CDB
5,40,404.0,401.8,11.9,CDB
6,50,468.3,467.6,12.6,CDB
7,60,541.7,542.5,14.5,CDB
8,70,626.7,625.9,14.7,CDB
9,80,717.4,704.7,11.8,CDB
10,90,,,,CDB
11,95,,,,CDB
12,99,,,,CDB
0,IBP,34.8,34.5,3.3,CL
1,5,41.6,49.5,12.7,CL
2,10,101.9,99.7,24.0,CL
3,20,235.6,250.8,21.7,CL
4,30,336.5,337.9,14.1,CL
5,40,408.6,408.7,13.9,CL
6,50,473.2,475.5,15.3,CL
7,60,543.2,550.7,18.6,CL
8,70,620.6,630.6,19.3,CL
9,80,711.1,702.3,16.7,CL
10,90,,,,CL
11,95,,,,CL
12,99,,,,CL
0,IBP,35.2,34.3,1.0,FRB
1,5,42.0,42.6,5.7,FRB
2,10,102.4,95.6,13.2,FRB
3,20,257.3,259.8,9.9,FRB
4,30,339.4,341.2,6.5,FRB
5,40,402.1,407.2,6.3,FRB
6,50,463.2,470.1,6.6,FRB
7,60,534.9,543.9,7.8,FRB
8,70,613.6,626.5,9.6,FRB
9,80,701.0,711.1,8.7,FRB
10,90,,,,FRB
11,95,,,,FRB
12,99,,,,FRB
0,IBP,34.8,34.3,0.8,KDB
1,5,39.7,40.1,3.2,KDB
2,10,99.7,78.5,17.6,KDB
3,20,254.5,259.8,30.3,KDB
4,30,347.2,354.2,16.0,KDB
5,40,412.5,418.3,13.9,KDB
6,50,474.0,480.0,15.3,KDB
7,60,543.4,549.1,15.2,KDB
8,70,620.3,624.8,16.4,KDB
9,80,704.9,700.3,17.1,KDB
10,90,,,,KDB
11,95,,,,KDB
12,99,,,,KDB
0,IBP,34.9,35.4,2.1,LCB
1,5,57.7,68.3,17.9,LCB
2,10,94.0,104.1,11.6,LCB
3,20,200.6,203.1,25.8,LCB
4,30,324.0,319.4,13.8,LCB
5,40,400.6,392.7,11.4,LCB
6,50,469.4,460.2,11.3,LCB
7,60,549.1,538.7,13.3,LCB
8,70,637.7,624.5,16.2,LCB
9,80,719.6,702.2,19.9,LCB
10,90,,,,LCB
11,95,,,,LCB
12,99,,,,LCB
0,IBP,34.8,33.8,2.4,SHD
1,5,37.1,39.6,2.3,SHD
2,10,54.8,85.1,14.8,SHD
3,20,207.7,222.0,22.9,SHD
4,30,325.5,331.0,11.6,SHD
5,40,399.3,403.2,9.1,SHD
6,50,465.9,470.8,7.6,SHD
7,60,541.3,546.9,6.4,SHD
8,70,627.2,631.3,4.1,SHD
9,80,712.7,714.7,2.8,SHD
10,90,,,,SHD
11,95,,,,SHD
12,99,,,,SHD
0,IBP,32.4,33.5,1.3,WDB
1,5,39.0,41.6,6.2,WDB
2,10,88.6,87.6,13.4,WDB
3,20,181.8,229.6,24.7,WDB
4,30,303.6,331.0,13.4,WDB
5,40,382.7,402.1,10.1,WDB
6,50,451.4,467.8,9.1,WDB
7,60,524.4,542.0,9.4,WDB
8,70,611.1,625.4,8.6,WDB
9,80,707.6,711.2,6.5,WDB
10,90,,,,WDB
11,95,,,,WDB
12,99,,,,WDB
0,IBP,33.9,20.1,20.9,WCS
1,5,40.9,49.9,15.2,WCS
2,10,101.1,118.3,27.4,WCS
3,20,231.3,252.9,18.9,WCS
4,30,314.7,330.8,12.9,WCS
5,40,383.3,397.2,12.7,WCS
6,50,448.4,460.4,13.3,WCS
7,60,519.0,532.5,15.5,WCS
8,70,601.5,614.8,16.9,WCS
9,80,697.9,698.1,16.5,WCS
10,90,,,,WCS
11,95,,,,WCS
12,99,,,,WCS
0,IBP,34.2,34.5,4.1,BRN
1,5,42.6,58.0,22.7,BRN
2,10,112.4,121.1,30.9,BRN
3,20,248.2,250.7,19.9,BRN
4,30,326.5,337.3,16.8,BRN
5,40,394.2,404.7,19.2,BRN
6,50,457.3,462.2,20.8,BRN
7,60,527.0,522.1,23.0,BRN
8,70,608.7,592.3,25.1,BRN
9,80,706.5,676.7,29.6,BRN
10,90,,,,BRN
11,95,,,,BRN
12,99,,,,BRN
0,IBP,35.3,34.6,1.6,BRS
1,5,100.8,89.6,9.5,BRS
2,10,158.2,145.7,11.8,BRS
3,20,246.1,236.4,11.9,BRS
4,30,311.6,304.3,10.8,BRS
5,40,370.3,366.5,11.5,BRS
6,50,428.2,427.6,12.3,BRS
7,60,499.2,492.5,15.7,BRS
8,70,578.1,569.0,21.5,BRS
9,80,677.3,661.5,29.5,BRS
10,90,,693.1,28.8,BRS
11,95,,,,BRS
12,99,,,,BRS
0,IBP,34.3,34.9,2.7,F
1,5,60.2,98.2,28.3,F
2,10,138.1,158.5,22.9,F
3,20,253.4,251.2,11.8,F
4,30,330.8,321.7,8.7,F
5,40,399.4,385.9,9.9,F
6,50,462.0,446.4,11.1,F
7,60,532.2,511.8,14.1,F
8,70,617.1,590.0,18.3,F
9,80,716.4,682.0,24.1,F
10,90,,,,F
11,95,,,,F
12,99,,,,F
0,IBP,34.9,34.1,4.0,LLB
1,5,44.5,53.1,16.3,LLB
2,10,119.5,119.1,24.5,LLB
3,20,241.3,252.9,17.3,LLB
4,30,320.1,330.9,12.1,LLB
5,40,383.9,398.5,12.4,LLB
6,50,444.9,462.3,13.7,LLB
7,60,516.7,535.4,16.4,LLB
8,70,596.7,617.9,18.2,LLB
9,80,690.2,698.7,15.7,LLB
10,90,,,,LLB
11,95,,,,LLB
12,99,,,,LLB
0,IBP,34.7,33.9,1.2,LLK
1,5,36.9,50.5,14.9,LLK
2,10,100.2,130.8,36.5,LLK
3,20,238.4,265.8,18.5,LLK
4,30,320.8,342.2,12.8,LLK
5,40,386.0,408.6,12.4,LLK
6,50,445.5,469.6,13.8,LLK
7,60,512.3,536.5,16.9,LLK
8,70,584.3,612.3,20.4,LLK
9,80,668.9,690.6,19.5,LLK
10,90,,,,LLK
11,95,,,,LLK
12,99,,,,LLK
0,IBP,34.5,34.1,1.9,SH
1,5,40.5,59.9,17.8,SH
2,10,63.4,110.2,21.3,SH
3,20,193.0,222.5,25.1,SH
4,30,285.7,312.9,19.2,SH
5,40,361.8,391.2,18.7,SH
6,50,436.0,466.1,19.1,SH
7,60,514.4,547.2,21.7,SH
8,70,604.8,631.4,20.2,SH
9,80,700.3,704.3,13.6,SH
10,90,,,,SH
11,95,,,,SH
12,99,,,,SH
0,IBP,34.2,34.2,2.1,SC
1,5,40.8,65.3,17.4,SC
2,10,109.4,146.2,24.6,SC
3,20,248.3,263.2,12.0,SC
4,30,324.4,334.9,9.6,SC
5,40,392.6,399.7,9.7,SC
6,50,456.5,461.2,10.6,SC
7,60,527.7,529.8,12.8,SC
8,70,613.4,608.4,16.0,SC
9,80,715.1,691.3,18.9,SC
10,90,,,,SC
11,95,,,,SC
12,99,,,,SC
0,IBP,34.4,33.8,1.5,WH
1,5,73.5,85.1,16.3,WH
2,10,152.1,145.8,18.7,WH
3,20,248.4,244.6,15.6,WH
4,30,318.3,319.3,12.7,WH
5,40,387.7,389.4,12.8,WH
6,50,456.6,458.0,12.6,WH
7,60,531.6,533.5,13.5,WH
8,70,618.1,617.3,14.1,WH
9,80,715.1,699.4,12.6,WH
10,90,,,,WH
11,95,,,,WH
12,99,,,,WH
0,IBP,32.7,34.6,1.9,WCB
1,5,102.5,86.2,18.3,WCB
2,10,168.8,164.0,23.3,WCB
3,20,261.7,264.8,10.9,WCB
4,30,326.0,330.3,9.6,WCB
5,40,387.8,392.5,10.1,WCB
6,50,447.8,452.6,11.3,WCB
7,60,518.6,521.0,14.0,WCB
8,70,603.3,601.7,17.2,WCB
9,80,706.1,686.9,19.5,WCB
10,90,,,,WCB
11,95,,,,WCB
12,99,,,,WCB
0,IBP,34.4,35.4,2.7,CNS
1,5,118.7,105.8,11.4,CNS
2,10,158.3,145.9,13.5,CNS
3,20,212.3,198.0,14.6,CNS
4,30,252.6,236.4,16.3,CNS
5,40,285.6,267.7,17.9,CNS
6,50,314.8,295.2,19.5,CNS
7,60,344.6,322.5,21.4,CNS
8,70,375.6,350.4,23.4,CNS
9,80,411.6,382.6,25.3,CNS
10,90,454.0,424.0,24.4,CNS
11,95,489.9,458.2,24.3,CNS
12,99,584.8,538.0,29.5,CNS
0,IBP,34.0,33.9,1.9,HSB
1,5,140.8,129.4,17.9,HSB
2,10,194.2,186.2,14.7,HSB
3,20,258.7,249.0,12.1,HSB
4,30,295.1,286.0,11.9,HSB
5,40,322.4,314.2,10.7,HSB
6,50,346.5,339.9,10.2,HSB
7,60,369.4,365.3,9.1,HSB
8,70,394.4,392.9,8.6,HSB
9,80,420.7,422.4,7.5,HSB
10,90,455.6,461.3,7.8,HSB
11,95,484.3,492.0,9.1,HSB
12,99,551.1,560.0,24.3,HSB
0,IBP,34.1,35.7,3.9,PSC
1,5,95.0,94.6,14.6,PSC
2,10,118.1,126.1,21.4,PSC
3,20,164.8,178.1,29.1,PSC
4,30,203.1,217.8,30.9,PSC
5,40,234.5,251.2,31.7,PSC
6,50,264.9,282.3,31.4,PSC
7,60,294.9,313.8,30.7,PSC
8,70,327.0,347.7,29.8,PSC
9,80,365.4,387.8,27.3,PSC
10,90,419.7,439.7,21.9,PSC
11,95,463.8,479.3,17.7,PSC
12,99,546.5,550.9,24.5,PSC
0,IBP,99.8,72.5,18.1,PAS
1,5,154.7,144.8,9.8,PAS
2,10,179.5,175.4,7.4,PAS
3,20,220.6,215.5,8.2,PAS
4,30,250.2,245.9,9.3,PAS
5,40,276.7,272.4,10.3,PAS
6,50,301.3,296.9,11.3,PAS
7,60,324.9,320.9,12.9,PAS
8,70,351.2,346.9,15.3,PAS
9,80,381.9,378.2,18.7,PAS
10,90,426.5,421.6,22.4,PAS
11,95,472.6,459.8,26.0,PAS
12,99,568.1,539.8,31.7,PAS
0,IBP,32.8,38.6,6.4,SSX
1,5,131.9,104.6,20.9,SSX
2,10,174.9,153.0,28.6,SSX
3,20,263.0,252.0,16.3,SSX
4,30,308.0,302.1,10.9,SSX
5,40,337.5,332.1,11.2,SSX
6,50,362.0,356.4,11.4,SSX
7,60,384.4,378.3,12.1,SSX
8,70,407.7,401.2,13.0,SSX
9,80,432.1,427.9,13.4,SSX
10,90,472.2,466.5,13.2,SSX
11,95,504.2,497.8,11.7,SSX
12,99,559.6,559.0,10.6,SSX
0,IBP,35.9,34.7,1.4,OSA
1,5,124.4,101.0,15.7,OSA
2,10,161.5,145.3,15.4,OSA
3,20,213.2,203.3,11.8,OSA
4,30,255.5,248.4,10.2,OSA
5,40,290.4,284.0,8.8,OSA
6,50,317.5,313.1,7.5,OSA
7,60,344.0,340.0,7.3,OSA
8,70,367.1,366.4,7.1,OSA
9,80,398.0,396.3,7.5,OSA
10,90,436.5,434.1,7.0,OSA
11,95,482.7,467.0,6.9,OSA
12,99,588.6,541.2,22.2,OSA
0,IBP,34.6,34.3,2.1,SSP
1,5,72.7,99.6,11.6,SSP
2,10,138.5,143.6,12.2,SSP
3,20,195.1,205.1,10.9,SSP
4,30,235.3,248.8,10.9,SSP
5,40,272.0,285.4,10.7,SSP
6,50,306.7,318.6,10.4,SSP
7,60,341.7,351.9,10.1,SSP
8,70,378.1,386.3,10.1,SSP
9,80,417.5,422.4,8.9,SSP
10,90,461.5,466.9,8.8,SSP
11,95,496.3,501.1,9.7,SSP
12,99,568.7,573.1,19.0,SSP
0,IBP,34.6,16.2,18.1,CHV
1,5,43.3,48.1,14.4,CHV
2,10,97.1,111.0,21.9,CHV
3,20,233.5,243.1,18.5,CHV
4,30,359.0,328.3,13.6,CHV
5,40,432.8,397.5,13.9,CHV
6,50,495.7,461.4,15.6,CHV
7,60,554.6,530.5,17.7,CHV
8,70,621.8,608.7,21.2,CHV
9,80,710.8,692.5,21.8,CHV
10,90,,,,CHV
11,95,,,,CHV
12,99,,,,CHV
0,IBP,34.4,12.3,19.3,HSC
1,5,122.5,93.7,23.0,HSC
2,10,181.6,147.5,23.7,HSC
3,20,250.1,217.3,19.0,HSC
4,30,290.2,260.4,16.5,HSC
5,40,316.3,294.5,14.0,HSC
6,50,340.4,323.3,12.4,HSC
7,60,362.8,351.3,11.2,HSC
8,70,389.8,380.7,10.8,HSC
9,80,420.4,414.0,9.8,HSC
10,90,468.6,458.0,10.2,HSC
11,95,516.2,496.5,16.7,HSC
12,99,644.2,587.2,29.0,HSC
0,IBP,34.4,15.5,22.8,LSB
1,5,40.8,47.0,14.8,LSB
2,10,81.6,83.2,13.9,LSB
3,20,129.7,130.8,13.5,LSB
4,30,191.7,184.6,15.5,LSB
5,40,247.4,238.3,15.7,LSB
6,50,302.0,292.5,16.8,LSB
7,60,357.3,348.6,18.5,LSB
8,70,418.5,410.8,21.4,LSB
9,80,498.3,487.0,29.8,LSB
10,90,629.4,604.2,44.4,LSB
11,95,,658.8,39.0,LSB
12,99,,690.5,16.7,LSB
0,IBP,34.2,8.8,23.0,MSB
1,5,54.9,46.3,17.9,MSB
2,10,79.7,86.5,16.4,MSB
3,20,165.6,143.7,24.3,MSB
4,30,232.4,204.3,29.6,MSB
5,40,290.8,268.0,28.4,MSB
6,50,345.8,328.7,27.4,MSB
7,60,405.4,389.7,28.3,MSB
8,70,469.9,456.0,32.5,MSB
9,80,561.6,542.6,43.0,MSB
10,90,716.1,654.3,42.2,MSB
11,95,,667.4,36.1,MSB
12,99,,,,MSB
0,IBP,34.1,2.4,22.6,MSW(S)
1,5,40.8,39.1,12.6,MSW(S)
2,10,64.0,86.7,12.8,MSW(S)
3,20,125.7,139.3,15.8,MSW(S)
4,30,189.1,198.4,20.0,MSW(S)
5,40,249.7,254.8,16.9,MSW(S)
6,50,307.7,308.3,16.0,MSW(S)
7,60,368.5,363.8,16.9,MSW(S)
8,70,433.2,423.3,16.7,MSW(S)
9,80,514.5,496.4,20.7,MSW(S)
10,90,660.6,612.7,30.4,MSW(S)
11,95,,681.9,23.1,MSW(S)
12,99,,,,MSW(S)
0,IBP,34.2,15.2,18.9,PCH
1,5,56.3,54.9,18.5,PCH
2,10,109.6,116.2,22.0,PCH
3,20,249.9,240.6,17.8,PCH
4,30,328.8,325.8,15.5,PCH
5,40,397.9,394.7,15.6,PCH
6,50,462.0,457.4,15.7,PCH
7,60,534.1,523.7,16.4,PCH
8,70,619.9,600.3,18.8,PCH
9,80,716.3,689.7,21.9,PCH
10,90,,,,PCH
11,95,,,,PCH
12,99,,,,PCH
0,IBP,33.4,18.6,20.9,PSY
1,5,118.3,105.3,22.6,PSY
2,10,156.2,152.8,20.5,PSY
3,20,214.3,210.0,14.7,PSY
4,30,251.5,247.6,13.4,PSY
5,40,283.3,279.1,13.4,PSY
6,50,312.0,307.1,13.4,PSY
7,60,341.4,334.7,14.1,PSY
8,70,372.6,363.9,14.8,PSY
9,80,409.9,398.5,15.9,PSY
10,90,455.6,444.9,16.0,PSY
11,95,494.3,485.7,16.9,PSY
12,99,586.0,577.0,26.0,PSY
0,IBP,-0.5,16.0,18.2,SYB
1,5,99.2,93.5,18.9,SYB
2,10,183.1,168.5,22.0,SYB
3,20,267.3,256.0,11.7,SYB
4,30,321.6,314.6,11.8,SYB
5,40,365.6,365.2,14.1,SYB
6,50,412.0,417.6,19.5,SYB
7,60,465.9,477.6,27.7,SYB
8,70,549.9,561.6,34.0,SYB
9,80,663.2,662.7,26.6,SYB
10,90,,,,SYB
11,95,,,,SYB
12,99,,,,SYB
0,IBP,33.2,13.6,17.8,SYN
1,5,113.9,85.7,18.3,SYN
2,10,154.4,133.6,19.6,SYN
3,20,215.8,205.1,13.2,SYN
4,30,259.7,249.2,11.2,SYN
5,40,296.3,285.2,10.3,SYN
6,50,327.6,316.4,9.6,SYN
7,60,358.1,347.3,9.3,SYN
8,70,389.4,378.9,9.5,SYN
9,80,422.8,414.4,9.3,SYN
10,90,464.1,459.9,11.3,SYN
11,95,498.0,498.2,14.1,SYN
12,99,579.9,589.2,28.4,SYN
0,IBP,33.5,33.7,1.1,MBL
1,5,36.4,49.5,14.2,MBL
2,10,49.5,88.4,21.7,MBL
3,20,94.2,162.9,33.1,MBL
4,30,129.0,233.2,44.7,MBL
5,40,185.2,296.5,44.5,MBL
6,50,264.2,359.4,39.2,MBL
7,60,343.2,421.2,34.4,MBL
8,70,428.3,492.1,34.2,MBL
9,80,534.5,584.0,39.5,MBL
10,90,706.3,685.6,27.2,MBL
11,95,,,,MBL
12,99,,,,MBL
0,IBP,32.4,33.7,1.2,MGS
1,5,58.4,44.3,11.5,MGS
2,10,102.8,72.7,20.4,MGS
3,20,151.9,114.2,25.8,MGS
4,30,218.8,171.3,35.3,MGS
5,40,277.7,247.8,47.2,MGS
6,50,331.2,326.2,49.3,MGS
7,60,388.3,402.3,49.6,MGS
8,70,448.4,481.7,56.9,MGS
9,80,520.5,578.9,65.7,MGS
10,90,627.3,662.4,36.9,MGS
11,95,709.8,,,MGS
12,99,,,,MGS
0,IBP,34.5,33.7,1.4,MSM
1,5,63.7,71.4,10.5,MSM
2,10,96.2,103.0,8.6,MSM
3,20,158.4,163.1,12.7,MSM
4,30,200.1,223.3,14.6,MSM
5,40,263.2,283.2,14.6,MSM
6,50,326.5,342.5,15.4,MSM
7,60,394.9,405.2,16.0,MSM
8,70,465.9,471.4,18.3,MSM
9,80,555.9,555.8,26.0,MSM
10,90,709.2,669.6,30.5,MSM
11,95,,685.6,29.5,MSM
12,99,,,,MSM
0,IBP,34.4,33.7,1.7,SPR
1,5,37.2,52.8,14.2,SPR
2,10,55.0,90.1,13.2,SPR
3,20,106.1,141.8,17.9,SPR
4,30,163.7,195.3,22.6,SPR
5,40,221.2,254.1,27.4,SPR
6,50,282.7,314.4,29.2,SPR
7,60,344.3,377.5,32.1,SPR
8,70,414.1,449.2,36.2,SPR
9,80,498.0,539.6,46.2,SPR
10,90,632.0,651.0,44.0,SPR
11,95,,681.8,25.6,SPR
12,99,,,,SPR
0,IBP,35.3,34.7,1.2,BCL
1,5,68.8,72.0,8.0,BCL
2,10,104.8,100.1,6.5,BCL
3,20,150.4,142.0,8.7,BCL
4,30,192.4,187.4,10.3,BCL
5,40,237.9,236.2,8.9,BCL
6,50,287.9,283.9,9.4,BCL
7,60,338.0,332.4,9.5,BCL
8,70,388.3,388.0,11.6,BCL
9,80,464.8,453.2,15.0,BCL
10,90,575.0,550.3,26.9,BCL
11,95,719.7,623.8,38.7,BCL
12,99,,,,BCL
0,IBP,35.6,34.4,1.0,BDY
1,5,80.6,77.3,6.0,BDY
2,10,110.5,106.2,5.8,BDY
3,20,162.1,157.2,7.7,BDY
4,30,215.5,210.5,8.1,BDY
5,40,262.5,260.0,7.4,BDY
6,50,310.1,310.1,7.8,BDY
7,60,360.5,363.7,10.1,BDY
8,70,417.3,424.1,11.3,BDY
9,80,480.5,494.4,15.2,BDY
10,90,567.0,602.5,30.1,BDY
11,95,629.5,666.0,33.7,BDY
12,99,708.1,,,BDY
0,IBP,34.8,33.5,1.4,CAL
1,5,37.0,54.7,14.6,CAL
2,10,99.5,94.1,10.3,CAL
3,20,152.8,149.5,15.0,CAL
4,30,199.8,202.7,17.1,CAL
5,40,256.9,262.3,19.1,CAL
6,50,313.6,320.9,18.7,CAL
7,60,371.0,382.8,20.3,CAL
8,70,432.8,448.3,22.8,CAL
9,80,517.3,530.9,34.5,CAL
10,90,628.8,634.0,36.2,CAL
11,95,714.7,685.0,25.6,CAL
12,99,,,,CAL
0,IBP,34.9,33.5,1.4,MJT
1,5,75.3,52.3,11.1,MJT
2,10,121.5,95.3,20.1,MJT
3,20,165.7,140.8,18.9,MJT
4,30,212.4,172.2,18.2,MJT
5,40,292.3,237.7,35.5,MJT
6,50,334.9,311.7,24.2,MJT
7,60,363.2,350.9,20.2,MJT
8,70,389.5,381.6,17.5,MJT
9,80,415.1,410.7,14.1,MJT
10,90,448.0,448.7,17.8,MJT
11,95,490.5,487.1,22.0,MJT
12,99,616.6,578.5,36.6,MJT
0,IBP,34.6,33.9,1.1,PLS
1,5,52.3,54.1,14.2,PLS
2,10,85.6,85.2,10.9,PLS
3,20,133.5,126.1,12.1,PLS
4,30,178.8,170.8,11.9,PLS
5,40,234.7,223.2,13.5,PLS
6,50,295.3,280.4,14.2,PLS
7,60,357.2,339.5,17.1,PLS
8,70,427.7,406.3,20.7,PLS
9,80,513.1,484.1,30.0,PLS
10,90,645.2,597.2,46.3,PLS
11,95,,651.1,29.2,PLS
12,99,,,,PLS
0,IBP,34.5,13.8,22.5,MSW
1,5,41.2,42.8,12.5,MSW
2,10,60.7,81.4,11.7,MSW
3,20,122.1,125.2,11.5,MSW
4,30,173.4,175.2,15.9,MSW
5,40,229.4,232.5,16.5,MSW
6,50,283.3,288.5,16.1,MSW
7,60,335.6,345.1,17.1,MSW
8,70,394.3,407.7,18.3,MSW
9,80,459.9,479.6,23.7,MSW
10,90,557.3,586.4,36.2,MSW
11,95,639.3,655.1,35.2,MSW
12,99,,684.6,13.8,MSW
0,IBP,34.5,33.7,1.1,RA
1,5,43.5,53.2,13.0,RA
2,10,64.1,91.6,11.3,RA
3,20,138.9,142.1,10.7,RA
4,30,185.2,189.0,11.1,RA
5,40,234.6,240.8,12.4,RA
6,50,291.5,295.9,11.5,RA
7,60,348.3,352.3,12.1,RA
8,70,411.9,415.9,12.2,RA
9,80,480.7,487.9,16.6,RA
10,90,585.7,599.5,32.4,RA
11,95,679.8,669.2,36.7,RA
12,99,,696.3,8.5,RA
0,IBP,33.4,33.7,1.2,FD
1,5,41.7,61.5,11.1,FD
2,10,98.7,93.7,7.5,FD
3,20,130.2,137.2,10.8,FD
4,30,173.1,179.1,12.3,FD
5,40,220.4,226.3,14.5,FD
6,50,270.9,279.4,13.8,FD
7,60,323.7,333.8,12.9,FD
8,70,380.7,395.8,14.0,FD
9,80,441.9,464.8,19.1,FD
10,90,543.3,565.9,26.2,FD
11,95,620.7,650.6,32.4,FD
12,99,,,,FD
0,IBP,34.9,33.4,1.4,MSY
1,5,99.6,56.5,18.6,MSY
2,10,115.7,100.4,13.1,MSY
3,20,175.9,161.8,11.3,MSY
4,30,235.0,222.0,10.2,MSY
5,40,287.5,277.5,9.4,MSY
6,50,337.7,330.0,9.4,MSY
7,60,393.9,387.3,10.1,MSY
8,70,451.6,446.8,11.7,MSY
9,80,523.4,522.8,14.6,MSY
10,90,627.4,632.5,24.7,MSY
11,95,710.9,694.9,17.3,MSY
12,99,,,,MSY
0,IBP,34.6,33.7,1.6,MPR
1,5,39.5,52.4,12.9,MPR
2,10,94.8,88.0,10.5,MPR
3,20,133.5,129.0,10.4,MPR
4,30,171.2,172.2,11.3,MPR
5,40,212.2,220.0,15.6,MPR
6,50,263.4,274.7,16.0,MPR
7,60,318.3,330.7,15.4,MPR
8,70,378.1,394.2,15.8,MPR
9,80,449.9,467.6,18.1,MPR
10,90,555.2,579.8,32.5,MPR
11,95,641.8,653.8,30.2,MPR
12,99,,,,MPR
0,IBP,34.7,33.8,1.1,P
1,5,36.9,52.7,12.3,P
2,10,91.8,90.3,10.0,P
3,20,136.9,134.1,11.0,P
4,30,181.4,180.3,11.4,P
5,40,236.6,234.6,14.0,P
6,50,300.3,293.6,13.5,P
7,60,359.1,353.6,13.8,P
8,70,422.5,418.8,13.5,P
9,80,506.9,495.4,18.4,P
10,90,631.3,610.6,34.5,P
11,95,,675.2,35.7,P
12,99,,,,P
0,IBP,34.4,33.3,1.4,MSE
1,5,45.0,55.2,19.5,MSE
2,10,82.4,97.2,12.4,MSE
3,20,163.6,158.9,9.0,MSE
4,30,223.9,219.0,7.8,MSE
5,40,277.5,273.7,7.7,MSE
6,50,327.8,325.3,7.7,MSE
7,60,382.2,382.0,8.4,MSE
8,70,438.4,439.8,9.6,MSE
9,80,506.4,513.5,12.9,MSE
10,90,603.7,618.7,23.8,MSE
11,95,675.3,676.9,16.3,MSE
12,99,,,,MSE
